i-0d98518a6250bc51d,snap-0716b0845d19d05ee,ed3hprod5 
i-0e1e9f5f894884280,snap-07085b2d103631f87,ed3hprodx1 
i-09c2060ca9950b66a,snap-01e07f578bfec183f,ed3hprod4 
i-0e13148f468074d09,snap-028aeb78f48e54002,ed3hprod7 
i-0ae490651c53270c5,snap-022ab636d76e08c5d,ed3hprod3 
i-0451b5253662f94fb,snap-0f43f6a1925e498a6,ed3hprod1 
i-0edb162a3d5eeab0e,snap-0f86179625407015d,ed3hprod8 
i-02ccf406d5d1e6480,snap-0d96c66e3c4705b77,ed3hprod2 
i-07fa91d22c4af19e4,snap-0370219fdd55cc39a,ed3hprod6 
i-0836495e8b2e59dcb,snap-0e846b717c39cfcdc,bobj3hprod1 
i-0d920768eea5d3af6,snap-027f6f655ee27a2cf,ed3hprod9 
i-0bd67b2a997be2809,snap-03b5354783fede521,ed3hprodx2 